symbol,date,open,high,low,close,volume
TKYO.N0000,2021-01-04,72.3,73.0,68.8,72.3,2581552
TKYO.N0000,2021-01-05,73.2,74.1,72.0,73.2,2437504
TKYO.N0000,2021-01-06,71.9,73.4,71.0,71.9,2126171
TKYO.N0000,2021-01-07,70.5,72.0,69.9,70.5,784108
TKYO.N0000,2021-01-08,69.7,70.2,69.0,69.7,958769
TKYO.N0000,2021-01-11,69.0,70.0,68.8,69.0,1955442
TKYO.N0000,2021-01-12,72.3,72.9,67.6,72.3,2042711
TKYO.N0000,2021-01-13,71.5,73.8,71.1,71.5,1917609
TKYO.N0000,2021-01-15,74.6,76.2,71.5,74.6,5697125
TKYO.N0000,2021-01-18,78.8,82.0,75.0,78.8,3948642
TKYO.N0000,2021-01-19,77.4,81.0,76.2,77.4,2487043
TKYO.N0000,2021-01-20,76.8,79.0,74.5,76.8,1245947
TKYO.N0000,2021-01-21,78.8,79.5,74.0,78.8,2745656
TKYO.N0000,2021-01-22,78.8,80.0,78.2,78.8,1401052
TKYO.N0000,2021-01-25,79.3,80.0,78.0,79.3,3436140
TKYO.N0000,2021-01-26,79.0,80.9,78.5,79.0,2036722
TKYO.N0000,2021-01-27,77.0,79.0,75.2,77.0,2398279
TKYO.N0000,2021-01-29,74.3,77.5,72.6,74.3,1836332
TKYO.N0000,2021-02-01,72.0,75.0,67.0,72.0,882725
TKYO.N0000,2021-02-02,67.7,73.0,65.0,67.7,1979270
TKYO.N0000,2021-02-03,70.0,73.0,67.0,70.0,1699709
TKYO.N0000,2021-02-05,70.0,71.8,69.5,70.0,705882
TKYO.N0000,2021-02-08,69.0,71.0,68.7,69.0,688691
TKYO.N0000,2021-02-09,68.9,69.5,66.0,68.9,881517
TKYO.N0000,2021-02-10,67.8,71.0,67.0,67.8,2132429
TKYO.N0000,2021-02-11,64.5,68.6,55.0,64.5,2882394
TKYO.N0000,2021-02-12,69.7,70.5,65.7,69.7,1555974
TKYO.N0000,2021-02-15,65.9,70.0,65.0,65.9,1631786
TKYO.N0000,2021-02-16,64.3,66.9,64.0,64.3,959954
TKYO.N0000,2021-02-17,64.9,67.0,61.5,64.9,921062
TKYO.N0000,2021-02-18,66.3,66.9,64.5,66.3,773266
TKYO.N0000,2021-02-19,67.5,69.0,66.0,67.5,1458476
TKYO.N0000,2021-02-22,66.3,68.9,65.5,66.3,628096
TKYO.N0000,2021-02-23,63.4,66.7,61.7,63.4,1353734
TKYO.N0000,2021-02-24,63.5,65.0,62.1,63.5,223181
TKYO.N0000,2021-02-25,66.2,66.5,63.5,66.2,763617
TKYO.N0000,2021-03-01,67.0,68.5,66.3,67.0,283771
TKYO.N0000,2021-03-02,64.6,67.0,64.0,64.6,187494
TKYO.N0000,2021-03-03,61.4,64.8,59.1,61.4,1084020
TKYO.N0000,2021-03-04,58.9,64.0,58.0,58.9,662808
TKYO.N0000,2021-03-05,59.5,62.3,57.0,59.5,935243
TKYO.N0000,2021-03-08,64.4,65.0,60.0,64.4,611971
TKYO.N0000,2021-03-09,63.4,67.4,63.0,63.4,371600
TKYO.N0000,2021-03-10,63.1,64.5,62.0,63.1,26643
TKYO.N0000,2021-03-12,63.6,65.0,63.0,63.6,60124
TKYO.N0000,2021-03-15,61.6,64.9,61.2,61.6,35805
TKYO.N0000,2021-03-16,59.9,62.4,59.0,59.9,293726
TKYO.N0000,2021-03-17,59.4,61.0,59.0,59.4,34735
TKYO.N0000,2021-03-18,56.4,59.9,56.0,56.4,499795
TKYO.N0000,2021-03-19,55.4,57.9,54.9,55.4,535320
TKYO.N0000,2021-03-22,56.6,58.0,56.0,56.6,185898
TKYO.N0000,2021-03-23,57.1,57.7,56.1,57.1,110241
TKYO.N0000,2021-03-24,59.4,61.0,57.0,59.4,422257
TKYO.N0000,2021-03-25,59.7,62.0,59.5,59.7,181624
TKYO.N0000,2021-03-26,60.0,60.8,59.0,60.0,822395
TKYO.N0000,2021-03-29,60.5,61.0,59.0,60.5,33318
TKYO.N0000,2021-03-30,60.8,61.9,60.3,60.8,26145
TKYO.N0000,2021-03-31,60.6,61.3,60.5,60.6,44713
TKYO.N0000,2022-01-03,51.3,54.0,51.3,52.4,1173637
TKYO.N0000,2022-01-04,52.5,52.5,50.1,50.5,426660
TKYO.N0000,2022-01-05,51.0,51.0,49.3,49.6,518390
TKYO.N0000,2022-01-06,49.5,49.5,48.7,49.0,725061
TKYO.N0000,2022-01-07,49.5,49.5,48.2,48.8,736783
TKYO.N0000,2022-01-10,49.3,49.5,48.3,48.6,234120
TKYO.N0000,2022-01-11,49.5,49.8,48.2,48.9,132621
TKYO.N0000,2022-01-12,49.5,49.5,48.0,48.1,96783
TKYO.N0000,2022-01-13,48.2,49.0,47.8,48.0,240905
TKYO.N0000,2022-01-18,49.5,49.5,48.5,49.2,518589
TKYO.N0000,2022-01-19,49.0,49.5,48.4,48.9,92115
TKYO.N0000,2022-01-20,48.8,55.6,48.8,54.7,4572747
TKYO.N0000,2022-01-21,55.1,56.4,53.3,54.4,1514318
TKYO.N0000,2022-01-24,55.0,57.2,54.1,56.6,2137029
TKYO.N0000,2022-01-25,57.0,57.0,55.0,55.4,630964
TKYO.N0000,2022-01-26,54.7,55.4,52.0,54.1,899258
TKYO.N0000,2022-01-27,52.5,55.7,50.1,52.2,609211
TKYO.N0000,2022-01-28,53.0,53.0,50.5,52.3,315895
TKYO.N0000,2022-01-31,52.5,53.9,52.0,53.2,409773
TKYO.N0000,2022-02-01,54.2,54.2,51.5,51.7,379408
TKYO.N0000,2022-02-02,51.6,54.0,50.5,51.2,673226
TKYO.N0000,2022-02-03,52.0,54.4,50.3,53.2,354693
TKYO.N0000,2022-02-07,52.0,53.9,51.5,52.3,135850
TKYO.N0000,2022-02-08,52.1,52.1,51.0,52.0,412794
TKYO.N0000,2022-02-09,51.5,52.0,48.5,49.6,148144
TKYO.N0000,2022-02-10,52.9,52.9,50.0,50.6,303032
TKYO.N0000,2022-02-11,52.0,54.0,51.6,52.8,518844
TKYO.N0000,2022-02-14,52.5,53.5,52.0,52.5,121774
TKYO.N0000,2022-02-15,53.5,53.5,50.8,50.9,45176
TKYO.N0000,2022-02-17,51.5,52.8,50.1,51.2,52138
TKYO.N0000,2022-02-18,50.1,51.1,49.0,49.0,98602
TKYO.N0000,2022-02-21,49.0,49.0,44.5,45.0,426053
TKYO.N0000,2022-02-22,45.0,47.9,43.0,43.7,585284
TKYO.N0000,2022-02-23,44.9,45.0,42.0,42.7,195842
TKYO.N0000,2022-02-24,42.7,42.9,40.0,40.1,522468
TKYO.N0000,2022-02-25,40.5,42.9,39.1,42.3,416545
TKYO.N0000,2022-02-28,41.1,45.0,40.6,44.7,259160
TKYO.N0000,2022-03-02,44.7,44.7,42.3,42.7,112370
TKYO.N0000,2022-03-03,43.9,43.9,41.0,41.1,46962
TKYO.N0000,2022-03-04,41.5,42.7,40.6,42.4,76228
TKYO.N0000,2022-03-07,42.9,42.9,39.4,39.6,329332
TKYO.N0000,2022-03-08,39.4,40.0,35.5,37.1,373047
TKYO.N0000,2022-03-09,39.3,40.0,32.0,32.8,328543
TKYO.N0000,2022-03-10,34.5,37.5,34.0,36.9,125574
TKYO.N0000,2022-03-11,37.5,37.5,34.0,35.0,82997
TKYO.N0000,2022-03-14,36.0,37.0,35.5,35.6,81129
TKYO.N0000,2022-03-15,35.4,35.4,33.5,34.0,25985
TKYO.N0000,2022-03-16,34.0,34.0,32.0,32.4,258818
TKYO.N0000,2022-03-18,33.8,33.8,32.0,32.1,114248
TKYO.N0000,2022-03-21,33.0,33.5,32.5,33.1,24212
TKYO.N0000,2022-03-22,33.8,34.8,33.0,33.1,80104
TKYO.N0000,2022-03-23,33.1,34.7,32.6,32.7,63752
TKYO.N0000,2022-03-24,32.6,32.7,31.3,31.7,60461
TKYO.N0000,2022-03-25,31.5,33.5,30.5,31.0,202884
TKYO.N0000,2022-03-28,31.0,31.4,29.9,30.2,424153
TKYO.N0000,2022-03-29,30.0,31.0,28.0,28.1,148935
TKYO.N0000,2022-03-30,28.3,28.3,26.6,27.0,81140
TKYO.N0000,2022-03-31,27.0,27.0,26.0,26.3,515855
TKYO.N0000,2023-01-02,25.5,26.9,25.5,25.5,40505
TKYO.N0000,2023-01-03,25.9,26.0,25.5,25.9,37861
TKYO.N0000,2023-01-04,26.0,26.9,25.5,25.7,6773
TKYO.N0000,2023-01-05,25.6,26.4,25.6,26.0,591431
TKYO.N0000,2023-01-09,25.7,25.9,25.6,25.8,390285
TKYO.N0000,2023-01-10,26.0,26.9,25.3,25.6,108229
TKYO.N0000,2023-01-11,26.8,26.8,25.4,25.4,172520
TKYO.N0000,2023-01-12,25.3,25.5,25.0,25.1,68698
TKYO.N0000,2023-01-13,25.0,25.5,24.6,25.0,17824
TKYO.N0000,2023-01-17,25.0,25.0,24.7,25.0,43838
TKYO.N0000,2023-01-18,25.0,25.1,25.0,25.0,61550
TKYO.N0000,2023-01-19,25.0,26.5,25.0,25.9,35523
TKYO.N0000,2023-01-20,26.9,28.7,25.5,28.2,500829
TKYO.N0000,2023-01-23,28.2,29.0,27.5,28.3,312650
TKYO.N0000,2023-01-24,27.6,28.0,27.5,27.7,135562
TKYO.N0000,2023-01-25,27.6,28.5,27.5,28.2,591989
TKYO.N0000,2023-01-26,28.0,28.7,27.9,28.4,148800
TKYO.N0000,2023-01-27,28.2,31.4,28.2,31.0,1558124
TKYO.N0000,2023-01-30,30.1,31.3,29.7,31.0,853355
TKYO.N0000,2023-01-31,30.5,31.0,30.0,30.2,774748
TKYO.N0000,2023-02-01,30.1,31.4,30.1,31.0,1501308
TKYO.N0000,2023-02-02,31.3,32.9,31.0,32.6,1449110
TKYO.N0000,2023-02-03,33.0,34.3,32.2,33.8,368052
TKYO.N0000,2023-02-06,34.3,34.3,33.0,33.0,316512
TKYO.N0000,2023-02-07,32.8,34.4,32.4,34.0,1452200
TKYO.N0000,2023-02-08,33.1,33.5,31.6,32.9,2975431
TKYO.N0000,2023-02-09,32.5,33.3,32.4,33.0,568324
TKYO.N0000,2023-02-10,33.1,33.7,32.5,33.6,576430
TKYO.N0000,2023-02-13,33.3,34.2,33.2,33.9,925355
TKYO.N0000,2023-02-14,33.8,33.9,33.0,33.0,570631
TKYO.N0000,2023-02-15,33.0,33.1,32.0,33.0,371013
TKYO.N0000,2023-02-16,33.0,33.4,33.0,33.0,218636
TKYO.N0000,2023-02-17,33.4,34.3,33.0,34.0,702632
TKYO.N0000,2023-02-20,33.8,35.5,32.1,35.1,1093251
TKYO.N0000,2023-02-21,35.0,36.5,35.0,35.8,868178
TKYO.N0000,2023-02-22,35.7,36.3,34.3,35.4,221331
TKYO.N0000,2023-02-23,34.4,35.4,34.2,35.0,655338
TKYO.N0000,2023-02-24,35.0,35.3,34.2,35.0,334491
TKYO.N0000,2023-02-27,35.0,35.5,34.1,34.3,1130424
TKYO.N0000,2023-02-28,34.1,34.5,34.0,34.0,81740
TKYO.N0000,2023-03-01,33.2,36.2,33.2,35.7,1352343
TKYO.N0000,2023-03-02,35.0,35.7,35.0,35.4,15587
TKYO.N0000,2023-03-03,35.0,36.5,34.2,35.9,397619
TKYO.N0000,2023-03-07,36.5,38.4,36.5,38.0,901564
TKYO.N0000,2023-03-08,38.4,39.4,38.4,39.0,381836
TKYO.N0000,2023-03-09,39.0,40.4,39.0,40.0,414925
TKYO.N0000,2023-03-10,40.5,40.9,39.5,40.3,515551
TKYO.N0000,2023-03-13,40.2,40.2,39.0,39.5,230125
TKYO.N0000,2023-03-14,39.6,42.6,39.5,42.2,511704
TKYO.N0000,2023-03-15,42.5,48.2,42.5,47.2,1633425
TKYO.N0000,2023-03-16,48.0,48.0,45.0,45.5,720880
TKYO.N0000,2023-03-17,45.5,46.2,45.0,46.0,1820749
TKYO.N0000,2023-03-20,45.4,47.0,45.4,46.9,520077
TKYO.N0000,2023-03-21,46.0,46.5,45.0,46.0,384189
TKYO.N0000,2023-03-22,45.3,45.8,43.5,45.0,656322
TKYO.N0000,2023-03-23,45.0,45.5,45.0,45.0,602652
TKYO.N0000,2023-03-24,45.0,45.2,44.9,45.0,503271
TKYO.N0000,2023-03-27,44.6,45.1,44.0,45.0,813433
TKYO.N0000,2023-03-28,43.5,45.4,43.5,45.1,240335
TKYO.N0000,2023-03-29,45.2,46.4,45.2,46.0,590697
TKYO.N0000,2023-03-30,45.6,46.5,45.6,46.0,87720
TKYO.N0000,2023-03-31,46.2,46.2,45.0,45.5,41423
TKYO.N0000,2023-04-03,45.6,46.1,45.6,46.0,198060
TKYO.N0000,2023-04-04,45.0,46.1,45.0,46.0,148142
TKYO.N0000,2023-04-06,46.0,47.3,46.0,47.1,2121258
TKYO.N0000,2023-04-10,47.3,47.3,46.1,46.5,47906
TKYO.N0000,2023-04-11,46.1,48.0,46.1,48.0,3952291
TKYO.N0000,2023-04-12,48.0,48.2,47.1,47.9,510706
TKYO.N0000,2023-04-17,48.0,48.0,46.9,47.9,543637
TKYO.N0000,2023-04-18,47.3,48.1,47.3,48.0,1361268
TKYO.N0000,2023-04-19,48.0,48.0,47.0,48.0,654999
TKYO.N0000,2023-04-20,48.0,48.0,46.6,48.0,2065363
TKYO.N0000,2023-04-21,47.5,47.9,47.0,47.5,275225
TKYO.N0000,2023-04-24,46.2,47.0,46.0,46.5,57735
TKYO.N0000,2023-04-25,46.5,46.9,46.2,46.5,37720
TKYO.N0000,2023-04-26,47.0,47.0,46.5,46.5,79202
TKYO.N0000,2023-04-27,46.3,46.8,45.2,45.5,30736
TKYO.N0000,2023-04-28,45.5,45.6,44.0,44.0,265392
TKYO.N0000,2023-05-02,44.0,44.5,43.2,43.4,67781
TKYO.N0000,2023-05-03,43.0,43.5,42.2,43.0,76731
TKYO.N0000,2023-05-04,42.6,43.8,42.6,42.7,570
TKYO.N0000,2023-05-08,43.0,43.0,42.1,42.5,26231
TKYO.N0000,2023-05-09,42.1,42.1,39.5,40.0,117862
TKYO.N0000,2023-05-10,41.0,41.0,40.8,40.8,303
TKYO.N0000,2023-05-11,40.2,40.8,40.0,40.0,4343
TKYO.N0000,2023-05-12,40.0,40.0,39.4,40.0,92780
TKYO.N0000,2023-05-15,40.0,40.0,38.0,38.6,13201
TKYO.N0000,2023-05-16,39.0,39.0,37.3,38.6,48382
TKYO.N0000,2023-05-17,38.0,39.0,37.5,39.0,20785
TKYO.N0000,2023-05-18,39.1,39.1,38.1,38.2,3721
TKYO.N0000,2023-05-19,38.9,39.1,38.8,38.8,9530
TKYO.N0000,2023-05-22,39.1,39.1,37.7,38.0,45948
TKYO.N0000,2023-05-23,38.0,39.0,37.8,37.8,12948
TKYO.N0000,2023-05-24,39.1,39.1,38.5,39.0,276
TKYO.N0000,2023-05-25,38.5,38.5,37.8,38.5,14868
TKYO.N0000,2023-05-26,39.2,39.2,39.2,39.2,2194
TKYO.N0000,2023-05-29,39.0,39.0,38.0,38.0,2575
TKYO.N0000,2023-05-30,38.0,39.5,37.9,38.0,944770
TKYO.N0000,2023-05-31,38.1,38.1,37.7,38.0,106200
TKYO.N0000,2023-06-01,39.0,40.0,37.5,38.0,98326
TKYO.N0000,2023-06-02,38.1,41.4,38.1,39.9,23961
TKYO.N0000,2023-06-05,41.3,41.3,40.0,40.0,7067
TKYO.N0000,2023-06-06,40.0,40.2,39.9,40.0,2683
TKYO.N0000,2023-06-07,39.6,39.6,39.0,39.1,20401
TKYO.N0000,2023-06-08,39.2,40.0,39.2,39.9,308
TKYO.N0000,2023-06-09,39.2,40.0,39.1,39.7,15817
TKYO.N0000,2023-06-12,40.0,41.5,40.0,41.5,149037
TKYO.N0000,2023-06-13,40.0,41.5,40.0,41.5,260359
TKYO.N0000,2023-06-14,41.9,41.9,41.0,41.5,37659
TKYO.N0000,2023-06-15,41.0,41.6,41.0,41.2,32041
TKYO.N0000,2023-06-16,41.1,41.5,41.1,41.1,342
TKYO.N0000,2023-06-19,41.1,41.7,40.6,41.3,37511
TKYO.N0000,2023-06-20,41.3,41.3,40.6,40.7,104
TKYO.N0000,2023-06-21,40.9,42.0,40.9,42.0,37986
TKYO.N0000,2023-06-22,42.0,43.0,42.0,42.5,364003
TKYO.N0000,2023-06-23,42.7,45.0,42.7,44.9,228306
TKYO.N0000,2023-06-26,44.5,46.4,44.0,46.0,428981
TKYO.N0000,2023-06-27,46.0,46.0,44.5,45.2,64876
TKYO.N0000,2023-06-28,45.2,47.4,45.2,46.8,407239
TKYO.N0000,2023-07-04,47.9,49.3,47.1,48.4,324667
TKYO.N0000,2023-07-05,48.5,48.5,47.1,48.0,228103
TKYO.N0000,2023-07-06,47.8,48.7,47.5,48.4,310187
TKYO.N0000,2023-07-07,48.4,49.0,48.1,48.8,319957
TKYO.N0000,2023-07-10,49.0,49.6,48.7,49.2,759925
TKYO.N0000,2023-07-11,49.6,49.6,48.5,48.8,122653
TKYO.N0000,2023-07-12,48.6,49.5,48.5,49.0,140975
TKYO.N0000,2023-07-13,49.0,50.7,48.6,50.0,405933
TKYO.N0000,2023-07-14,50.5,50.6,49.5,50.5,59996
TKYO.N0000,2023-07-17,50.5,51.5,50.1,50.9,228891
TKYO.N0000,2023-07-18,50.9,51.0,50.2,50.8,64932
TKYO.N0000,2023-07-19,50.9,51.0,50.3,50.8,113571
TKYO.N0000,2023-07-21,51.4,52.5,51.0,51.3,319534
TKYO.N0000,2023-07-24,51.7,52.0,51.1,51.5,78315
TKYO.N0000,2023-07-25,51.2,52.3,51.1,52.2,396208
TKYO.N0000,2023-07-26,52.0,52.2,51.0,51.1,191982
TKYO.N0000,2023-07-27,50.1,53.3,50.1,52.6,406457
TKYO.N0000,2023-07-28,52.5,52.5,51.2,51.7,296680
TKYO.N0000,2023-07-31,51.7,52.9,51.7,52.1,1776728
TKYO.N0000,2023-08-02,52.3,52.7,52.3,52.4,160359
TKYO.N0000,2023-08-03,52.5,52.5,52.1,52.5,237103
TKYO.N0000,2023-08-04,52.4,52.6,51.6,51.8,93057
TKYO.N0000,2023-08-07,51.6,51.6,45.2,49.8,94883
TKYO.N0000,2023-08-08,49.0,52.0,49.0,51.0,134320
TKYO.N0000,2023-08-09,51.5,51.5,49.1,49.4,18079
TKYO.N0000,2023-08-10,49.4,50.3,49.0,49.4,441730
TKYO.N0000,2023-08-11,49.0,50.0,48.7,49.2,59114
TKYO.N0000,2023-08-14,50.0,50.5,47.6,48.6,78150
TKYO.N0000,2023-08-15,47.7,48.7,47.4,47.4,123469
TKYO.N0000,2023-08-16,47.5,48.0,47.5,47.9,16549
TKYO.N0000,2023-08-17,48.1,50.5,48.1,50.0,500535
TKYO.N0000,2023-08-18,50.4,50.5,49.8,50.2,251166
TKYO.N0000,2023-08-21,50.3,51.3,50.3,51.0,138413
TKYO.N0000,2023-08-22,50.5,50.5,49.8,50.0,20920
TKYO.N0000,2023-08-23,50.0,51.0,50.0,50.9,190682
TKYO.N0000,2023-08-24,51.0,51.0,50.0,50.9,29020
TKYO.N0000,2023-08-25,49.9,50.9,49.4,50.2,130760
TKYO.N0000,2023-08-28,50.0,51.2,50.0,50.3,96322
TKYO.N0000,2023-08-29,50.3,50.6,50.3,50.5,337456
TKYO.N0000,2023-08-31,50.2,51.9,50.2,51.7,155258
TKYO.N0000,2023-09-01,52.0,52.7,50.5,52.4,249512
TKYO.N0000,2023-09-04,52.7,52.7,52.0,52.4,352534
TKYO.N0000,2023-09-05,51.5,51.5,49.4,49.6,127640
TKYO.N0000,2023-09-06,50.0,50.0,49.3,49.4,64105
TKYO.N0000,2023-09-07,49.4,50.0,49.1,49.8,43204
TKYO.N0000,2023-09-08,49.3,49.7,49.0,49.0,72955
TKYO.N0000,2023-09-11,49.0,49.9,49.0,49.7,32836
TKYO.N0000,2023-09-12,49.2,51.0,49.0,49.9,84711
TKYO.N0000,2023-09-13,49.6,51.0,49.1,50.5,248429
TKYO.N0000,2023-09-14,50.3,51.0,49.0,51.0,42616
TKYO.N0000,2023-09-15,51.0,51.0,50.1,50.9,9109
TKYO.N0000,2023-09-18,50.1,50.1,48.9,49.9,365310
TKYO.N0000,2023-09-19,49.9,50.0,48.9,49.0,141811
TKYO.N0000,2023-09-20,49.2,49.2,48.1,48.5,28801
TKYO.N0000,2023-09-21,49.0,49.0,48.0,48.0,25400
TKYO.N0000,2023-09-22,48.0,49.0,47.9,48.1,26086
TKYO.N0000,2023-09-25,48.9,49.0,48.0,48.0,28479
TKYO.N0000,2023-09-26,48.0,48.6,47.7,47.7,42873
TKYO.N0000,2023-09-27,47.8,47.8,47.0,47.4,116243
TKYO.N0000,2023-10-02,47.1,48.0,46.5,46.6,111608
TKYO.N0000,2023-10-03,47.0,47.0,45.1,45.7,35910
TKYO.N0000,2023-10-04,45.9,46.4,45.5,46.0,19521
TKYO.N0000,2023-10-05,46.0,46.2,45.0,45.0,11744
TKYO.N0000,2023-10-06,45.0,45.7,44.5,44.9,48036
TKYO.N0000,2023-10-09,44.6,44.9,44.2,44.8,17868
TKYO.N0000,2023-10-10,44.9,45.0,44.5,44.9,22060
TKYO.N0000,2023-10-11,44.9,44.9,43.0,44.0,15968
TKYO.N0000,2023-10-12,43.1,44.9,43.1,44.9,25358
TKYO.N0000,2023-10-13,43.5,44.0,43.5,44.0,20568
TKYO.N0000,2023-10-16,44.0,44.0,42.5,42.7,30574
TKYO.N0000,2023-10-17,42.6,43.8,42.0,42.3,28262
TKYO.N0000,2023-10-18,42.0,42.0,40.6,41.3,42147
TKYO.N0000,2023-10-19,41.0,42.0,40.5,41.1,18685
TKYO.N0000,2023-10-20,42.0,42.0,40.5,41.0,383584
TKYO.N0000,2023-10-23,41.6,41.8,40.0,40.5,1405204
TKYO.N0000,2023-10-24,40.5,40.5,39.2,39.5,121646
TKYO.N0000,2023-10-25,39.3,39.9,38.0,38.0,815945
TKYO.N0000,2023-10-26,38.0,40.5,38.0,38.3,167092
TKYO.N0000,2023-10-27,39.0,40.0,39.0,39.9,58310
TKYO.N0000,2023-10-30,40.0,40.0,39.6,39.9,9505
TKYO.N0000,2023-10-31,39.9,39.9,39.2,39.3,11156
TKYO.N0000,2023-11-01,40.0,40.0,39.3,39.8,21345
TKYO.N0000,2023-11-02,40.0,40.9,40.0,40.0,19003
TKYO.N0000,2023-11-03,40.0,40.5,39.9,39.9,6040
TKYO.N0000,2023-11-06,41.3,41.3,39.8,39.8,5203
TKYO.N0000,2023-11-07,41.0,41.0,40.0,40.3,3856
TKYO.N0000,2023-11-08,40.0,41.3,40.0,41.3,15464
TKYO.N0000,2023-11-09,40.0,40.0,38.5,39.5,85744
TKYO.N0000,2023-11-10,41.1,41.1,38.4,38.5,153995
TKYO.N0000,2023-11-13,38.4,40.7,37.8,38.0,25286
TKYO.N0000,2023-11-14,38.0,38.0,37.8,37.8,57007
TKYO.N0000,2023-11-15,37.5,37.5,37.0,37.1,75845
TKYO.N0000,2023-11-16,38.5,38.5,38.5,38.5,260
TKYO.N0000,2023-11-17,38.5,38.5,38.0,38.0,4302
TKYO.N0000,2023-11-20,38.0,38.1,36.6,36.8,6954
TKYO.N0000,2023-11-21,37.4,37.9,37.4,37.5,55992
TKYO.N0000,2023-11-22,38.3,38.3,37.9,38.3,705
TKYO.N0000,2023-11-23,38.2,38.2,37.6,37.6,4148
TKYO.N0000,2023-11-24,38.4,38.4,37.5,38.0,3785
TKYO.N0000,2023-11-27,37.5,38.0,37.0,37.1,26320
TKYO.N0000,2023-11-28,37.0,37.1,36.8,36.9,8460
TKYO.N0000,2023-11-29,37.1,39.9,37.0,37.7,12360
TKYO.N0000,2023-11-30,39.0,39.0,37.5,38.0,59245
TKYO.N0000,2023-12-01,39.0,39.0,38.0,38.2,1479
TKYO.N0000,2023-12-04,39.0,39.0,38.0,38.1,2656
TKYO.N0000,2023-12-05,38.5,38.9,38.0,38.0,4595
TKYO.N0000,2023-12-06,38.2,38.2,37.3,37.5,9585
TKYO.N0000,2023-12-07,38.9,38.9,37.5,38.5,25033
TKYO.N0000,2023-12-08,38.9,38.9,37.1,37.5,13627
TKYO.N0000,2023-12-11,37.8,37.8,37.0,37.0,1577609
TKYO.N0000,2023-12-12,37.8,38.9,37.0,37.2,777261
TKYO.N0000,2023-12-13,38.2,38.2,36.5,36.8,118110
TKYO.N0000,2023-12-14,37.2,37.2,36.4,36.5,327904
TKYO.N0000,2023-12-15,37.0,37.0,35.2,35.6,334362
TKYO.N0000,2023-12-18,35.3,36.8,35.2,35.2,67261
TKYO.N0000,2023-12-19,35.2,35.5,34.2,34.5,117753
TKYO.N0000,2023-12-20,35.0,36.0,34.6,34.8,269837
TKYO.N0000,2023-12-21,35.0,35.0,34.0,34.1,117750
TKYO.N0000,2023-12-22,35.0,35.0,34.5,34.6,94572
TKYO.N0000,2023-12-27,34.2,36.0,33.9,34.9,1016046
TKYO.N0000,2023-12-28,36.0,37.0,36.0,36.8,8722
TKYO.N0000,2023-12-29,36.5,38.0,36.5,38.0,100500
TKYO.N0000,2024-01-02,38.0,38.0,36.5,36.8,4871
TKYO.N0000,2024-01-03,36.8,38.0,36.8,37.8,145801
TKYO.N0000,2024-01-04,37.3,38.2,37.3,38.0,220251
TKYO.N0000,2024-01-05,38.3,38.9,38.0,38.5,42742
TKYO.N0000,2024-01-08,38.3,38.4,37.5,38.0,33096
TKYO.N0000,2024-01-09,38.0,38.0,37.6,37.6,36367
TKYO.N0000,2024-01-10,37.9,38.0,37.4,37.6,93431
TKYO.N0000,2024-01-11,38.0,38.0,36.7,37.0,18829
TKYO.N0000,2024-01-12,36.8,38.0,32.0,37.3,116771
TKYO.N0000,2024-01-16,37.8,38.0,35.0,37.8,228027
TKYO.N0000,2024-01-17,35.6,36.0,35.2,35.7,59686
TKYO.N0000,2024-01-18,37.0,37.0,35.0,35.1,19049
TKYO.N0000,2024-01-19,35.7,38.4,35.7,36.2,309062
TKYO.N0000,2024-01-22,36.3,38.3,36.3,38.0,103890
TKYO.N0000,2024-01-23,36.5,37.0,36.1,36.4,15002
TKYO.N0000,2024-01-24,36.6,36.9,36.0,36.3,94174
TKYO.N0000,2024-01-26,36.8,36.8,36.5,36.5,92491
TKYO.N0000,2024-01-29,37.4,38.0,36.3,38.0,1087863
TKYO.N0000,2024-01-30,38.0,38.2,38.0,38.0,61297
TKYO.N0000,2024-01-31,37.0,38.2,37.0,38.0,47433
TKYO.N0000,2024-02-01,38.2,38.8,38.0,38.0,62647
TKYO.N0000,2024-02-02,37.0,38.1,36.7,38.0,36829
TKYO.N0000,2024-02-06,38.1,38.1,37.9,38.0,91097
TKYO.N0000,2024-02-07,38.5,38.5,37.9,38.0,427605
TKYO.N0000,2024-02-08,37.9,37.9,36.7,36.9,23126
TKYO.N0000,2024-02-09,36.8,37.0,36.8,37.0,13026
TKYO.N0000,2024-02-12,37.1,37.5,36.1,36.2,33183
TKYO.N0000,2024-02-13,36.2,37.2,36.2,36.5,8243
TKYO.N0000,2024-02-14,36.1,37.2,36.1,36.2,2624
TKYO.N0000,2024-02-15,36.2,36.9,35.9,36.0,38144
TKYO.N0000,2024-02-16,37.0,37.0,36.0,36.0,10034
TKYO.N0000,2024-02-19,37.0,37.0,36.0,36.2,6699
TKYO.N0000,2024-02-20,36.1,37.2,36.1,37.0,271299
TKYO.N0000,2024-02-21,37.0,37.1,37.0,37.1,1155
TKYO.N0000,2024-02-22,36.4,37.1,36.4,36.9,1616
TKYO.N0000,2024-02-26,36.4,37.5,36.4,36.8,5961
TKYO.N0000,2024-02-27,37.0,37.5,37.0,37.3,26481
TKYO.N0000,2024-02-28,37.0,39.7,37.0,39.0,66924
TKYO.N0000,2024-02-29,39.0,40.0,39.0,39.4,130258
TKYO.N0000,2024-03-01,39.4,40.4,39.0,40.1,66787
TKYO.N0000,2024-03-04,40.0,41.5,40.0,41.4,150114
TKYO.N0000,2024-03-05,41.3,42.8,41.3,41.3,85498
TKYO.N0000,2024-03-06,42.0,42.0,41.3,41.5,45143
TKYO.N0000,2024-03-07,41.6,41.9,40.3,41.6,19408
TKYO.N0000,2024-03-11,42.0,42.5,41.8,42.5,242491
TKYO.N0000,2024-03-12,42.4,43.0,42.4,42.5,105256
TKYO.N0000,2024-03-13,42.0,43.0,42.0,42.5,26371
TKYO.N0000,2024-03-14,43.2,43.8,43.0,43.1,46202
TKYO.N0000,2024-03-15,43.0,43.0,39.5,42.3,71565
TKYO.N0000,2024-03-18,40.5,43.0,40.5,42.3,56936
TKYO.N0000,2024-03-19,42.1,42.5,41.6,42.3,40701
TKYO.N0000,2024-03-20,42.5,42.7,42.5,42.5,88917
TKYO.N0000,2024-03-21,41.8,43.4,41.5,42.8,63501
TKYO.N0000,2024-03-22,43.5,43.9,42.7,43.0,60877
TKYO.N0000,2024-03-25,42.9,43.5,42.5,43.2,109856
TKYO.N0000,2024-03-26,43.5,43.5,42.8,43.0,42618
TKYO.N0000,2024-03-27,43.0,43.4,43.0,43.0,47227
TKYO.N0000,2024-03-28,43.4,44.5,43.1,43.9,313213
TKYO.N0000,2024-04-01,43.7,44.4,43.7,44.0,23848
TKYO.N0000,2024-04-02,44.0,44.4,43.6,44.1,133528
TKYO.N0000,2024-04-03,44.1,44.5,44.0,44.5,49124
TKYO.N0000,2024-04-04,44.5,44.9,44.5,44.5,130642
TKYO.N0000,2024-04-05,44.7,44.8,44.5,44.6,136192
TKYO.N0000,2024-04-08,44.0,45.3,44.0,45.3,187140
TKYO.N0000,2024-04-09,45.0,45.0,44.0,44.6,166293
TKYO.N0000,2024-04-10,44.6,44.6,44.0,44.0,52174
TKYO.N0000,2024-04-15,44.0,44.0,43.0,43.0,661995
TKYO.N0000,2024-04-16,43.0,43.0,42.4,42.6,36506
TKYO.N0000,2024-04-17,42.3,43.1,42.3,42.5,95989
TKYO.N0000,2024-04-18,42.5,43.0,41.5,42.0,1088546
TKYO.N0000,2024-04-19,42.5,42.5,41.3,42.1,114874
TKYO.N0000,2024-04-22,42.3,42.3,41.8,42.0,25211
TKYO.N0000,2024-04-24,42.3,42.3,41.6,41.7,31408
TKYO.N0000,2024-04-25,41.9,42.4,41.5,41.5,3605773
TKYO.N0000,2024-04-26,43.0,43.9,42.0,43.0,204046
TKYO.N0000,2024-04-29,42.5,44.2,42.5,43.9,45481
TKYO.N0000,2024-04-30,43.9,44.3,43.5,43.6,127280
TKYO.N0000,2024-05-02,43.9,44.9,43.8,44.5,323604
TKYO.N0000,2024-05-03,44.6,46.3,44.5,46.0,379190
TKYO.N0000,2024-05-06,46.0,48.0,46.0,47.5,412108
TKYO.N0000,2024-05-07,47.5,47.8,46.9,47.0,39600
TKYO.N0000,2024-05-08,47.0,47.0,46.5,46.5,49990
TKYO.N0000,2024-05-09,46.2,46.9,45.9,46.6,714078
TKYO.N0000,2024-05-10,46.6,47.8,46.5,47.5,228679
TKYO.N0000,2024-05-13,47.1,48.2,47.1,47.8,436280
TKYO.N0000,2024-05-14,47.7,47.7,47.1,47.5,217815
TKYO.N0000,2024-05-15,47.5,47.6,47.0,47.0,222204
TKYO.N0000,2024-05-16,47.0,47.5,46.5,46.6,23273
TKYO.N0000,2024-05-17,46.2,47.4,46.2,47.0,127269
TKYO.N0000,2024-05-20,47.0,47.0,46.0,46.4,397128
TKYO.N0000,2024-05-21,46.4,46.4,46.0,46.1,425410
TKYO.N0000,2024-05-22,46.1,47.5,46.1,47.3,59412
TKYO.N0000,2024-05-27,47.3,47.3,46.2,46.9,91494
TKYO.N0000,2024-05-28,47.0,47.0,46.1,46.3,15844
TKYO.N0000,2024-05-29,46.1,46.8,46.0,46.0,237194
TKYO.N0000,2024-05-30,46.8,46.8,46.0,46.0,345343
TKYO.N0000,2024-05-31,45.9,46.0,45.5,45.5,149496
TKYO.N0000,2024-06-03,45.6,45.6,45.0,45.0,239873
TKYO.N0000,2024-06-04,45.4,45.7,45.4,45.5,50269
TKYO.N0000,2024-06-05,45.3,45.5,45.0,45.0,24597
TKYO.N0000,2024-06-06,45.0,46.0,44.7,44.7,110544
TKYO.N0000,2024-06-07,44.9,44.9,44.3,44.4,39000
TKYO.N0000,2024-06-10,44.5,45.0,44.5,44.6,134552
TKYO.N0000,2024-06-11,44.8,44.8,44.6,44.7,7150
TKYO.N0000,2024-06-12,44.7,44.9,44.6,44.7,61258
TKYO.N0000,2024-06-13,44.9,44.9,44.0,44.1,60041
TKYO.N0000,2024-06-14,44.5,44.5,43.8,44.2,71702
TKYO.N0000,2024-06-18,44.5,44.5,43.8,44.0,69916
TKYO.N0000,2024-06-19,43.8,43.9,43.5,43.6,61785
TKYO.N0000,2024-06-20,44.0,44.0,42.7,43.5,13810
TKYO.N0000,2024-06-24,43.5,44.0,43.1,43.9,8126
TKYO.N0000,2024-06-25,44.0,44.0,43.6,43.8,20742
TKYO.N0000,2024-06-26,43.6,43.6,42.6,42.6,102004
TKYO.N0000,2024-06-27,43.5,43.5,42.8,43.0,29215
TKYO.N0000,2024-06-28,43.0,43.4,43.0,43.0,102202
TKYO.N0000,2024-07-01,43.1,43.1,42.9,43.1,48163
TKYO.N0000,2024-07-02,43.0,43.4,43.0,43.0,12201
TKYO.N0000,2024-07-03,43.1,43.2,42.9,43.1,391684
TKYO.N0000,2024-07-04,43.0,43.0,42.5,42.7,21242
TKYO.N0000,2024-07-05,43.0,44.0,42.5,43.0,44916
TKYO.N0000,2024-07-08,43.0,43.0,42.7,42.7,23419
TKYO.N0000,2024-07-09,42.7,42.7,42.0,42.1,121898
TKYO.N0000,2024-07-10,42.0,42.0,41.1,41.3,35114
TKYO.N0000,2024-07-11,41.2,41.9,41.2,41.3,38813
TKYO.N0000,2024-07-12,40.1,41.9,40.1,41.0,7012
TKYO.N0000,2024-07-15,43.0,43.3,42.5,42.5,93310
TKYO.N0000,2024-07-16,43.4,43.4,42.5,42.5,30014
TKYO.N0000,2024-07-17,42.9,43.0,42.8,42.9,83617
TKYO.N0000,2024-07-18,42.9,43.0,42.8,42.9,64643
TKYO.N0000,2024-07-19,42.8,42.9,42.1,42.6,15623
TKYO.N0000,2024-07-22,42.7,42.7,42.0,42.1,45625
TKYO.N0000,2024-07-23,42.0,42.1,41.4,42.0,135143
TKYO.N0000,2024-07-24,42.0,42.1,41.7,42.0,179828
TKYO.N0000,2024-07-25,42.0,42.4,42.0,42.0,584606
TKYO.N0000,2024-07-26,42.2,42.2,42.1,42.1,10403
TKYO.N0000,2024-07-29,42.3,42.3,42.0,42.0,2340
TKYO.N0000,2024-07-30,42.1,42.4,42.1,42.2,143625
TKYO.N0000,2024-07-31,42.2,42.2,41.5,41.6,82193
TKYO.N0000,2024-08-01,41.9,41.9,41.5,41.5,27550
TKYO.N0000,2024-08-02,41.9,41.9,41.5,41.5,64517
TKYO.N0000,2024-08-05,41.5,41.5,41.2,41.2,50343
TKYO.N0000,2024-08-06,41.6,41.6,41.5,41.5,11140
TKYO.N0000,2024-08-07,41.6,41.6,41.5,41.6,1040
TKYO.N0000,2024-08-08,41.5,41.9,41.3,41.5,61562
TKYO.N0000,2024-08-09,41.4,41.5,41.2,41.3,9947
TKYO.N0000,2024-08-12,41.5,42.0,41.5,41.5,17963
TKYO.N0000,2024-08-13,42.0,42.0,41.6,41.6,10363
TKYO.N0000,2024-08-14,41.6,41.9,41.4,41.5,131804
TKYO.N0000,2024-08-15,42.9,42.9,42.0,42.2,24209
TKYO.N0000,2024-08-16,42.9,42.9,42.0,42.3,2502
TKYO.N0000,2024-08-20,43.6,43.6,42.5,42.6,13800
TKYO.N0000,2024-08-21,42.5,43.8,42.5,42.5,20724
TKYO.N0000,2024-08-22,43.0,43.0,42.9,43.0,11859
TKYO.N0000,2024-08-23,41.5,41.5,40.9,41.0,68584
TKYO.N0000,2024-08-26,42.0,42.0,40.1,40.3,4396
TKYO.N0000,2024-08-27,40.5,41.0,39.5,40.0,55215
TKYO.N0000,2024-08-28,40.0,40.3,39.0,39.4,35837
TKYO.N0000,2024-08-29,39.6,40.0,39.5,39.6,8747
TKYO.N0000,2024-08-30,39.6,41.9,39.0,39.0,13194
TKYO.N0000,2024-09-02,41.6,41.6,37.5,37.7,63692
TKYO.N0000,2024-09-03,38.0,38.0,37.5,37.5,41772
TKYO.N0000,2024-09-04,38.0,39.3,38.0,38.2,26235
TKYO.N0000,2024-09-05,39.8,39.8,38.3,38.3,11011
TKYO.N0000,2024-09-06,38.3,39.0,38.2,39.0,1100
TKYO.N0000,2024-09-09,38.6,38.6,38.6,38.6,1845
TKYO.N0000,2024-09-10,38.5,38.5,37.6,37.9,31246
TKYO.N0000,2024-09-11,38.0,38.4,38.0,38.0,18617
TKYO.N0000,2024-09-12,38.6,38.6,38.0,38.1,78694
TKYO.N0000,2024-09-13,42.5,42.5,38.0,40.0,3871
TKYO.N0000,2024-09-18,39.7,39.9,39.5,39.9,13483
TKYO.N0000,2024-09-19,39.8,40.0,39.1,39.4,136829
TKYO.N0000,2024-09-20,40.0,41.0,38.5,38.7,124840
TKYO.N0000,2024-09-23,38.5,39.9,38.0,39.1,32052
TKYO.N0000,2024-09-24,39.1,40.9,39.0,40.5,81116
TKYO.N0000,2024-09-25,40.9,42.7,40.9,42.4,108215
TKYO.N0000,2024-09-26,42.5,43.2,41.5,41.9,56744
TKYO.N0000,2024-09-27,42.0,43.9,41.6,43.1,330065
TKYO.N0000,2024-09-30,44.0,44.1,42.8,43.3,382982
TKYO.N0000,2024-10-01,43.6,44.0,43.5,43.6,103932
TKYO.N0000,2024-10-02,43.8,43.8,43.1,43.3,60126
TKYO.N0000,2024-10-03,43.0,43.6,43.0,43.5,75130
TKYO.N0000,2024-10-04,43.6,43.6,43.0,43.0,68720
TKYO.N0000,2024-10-07,43.0,44.8,43.0,44.0,331863
TKYO.N0000,2024-10-08,44.0,45.2,44.0,45.0,486482
TKYO.N0000,2024-10-09,44.0,45.6,44.0,44.4,48692
TKYO.N0000,2024-10-10,44.1,45.0,44.0,44.6,223012
TKYO.N0000,2024-10-11,45.0,45.4,44.7,45.0,304848
TKYO.N0000,2024-10-14,45.0,46.4,45.0,46.0,1730516
TKYO.N0000,2024-10-15,46.0,47.3,46.0,46.6,227590
TKYO.N0000,2024-10-16,46.5,47.2,46.5,47.1,126711
TKYO.N0000,2024-10-18,47.0,47.2,46.5,46.8,98964
TKYO.N0000,2024-10-21,46.5,46.6,45.7,46.5,58125
TKYO.N0000,2024-10-22,46.5,46.5,45.6,45.9,10024
TKYO.N0000,2024-10-23,46.0,46.5,46.0,46.5,100312
TKYO.N0000,2024-10-24,46.0,46.8,45.5,46.6,367964
TKYO.N0000,2024-10-25,46.7,46.7,46.1,46.5,25521
TKYO.N0000,2024-10-28,46.1,46.7,46.0,46.5,132173
TKYO.N0000,2024-10-29,46.3,46.9,46.3,46.5,63751
TKYO.N0000,2024-10-30,46.5,48.8,46.2,48.2,1117376
TKYO.N0000,2024-11-01,48.5,48.5,47.7,48.1,119791
TKYO.N0000,2024-11-04,48.0,48.1,47.5,47.5,382247
TKYO.N0000,2024-11-05,47.5,47.5,46.2,46.5,141188
TKYO.N0000,2024-11-06,46.5,46.7,46.0,46.5,87506
TKYO.N0000,2024-11-07,46.3,47.0,46.0,46.2,398636
TKYO.N0000,2024-11-08,47.0,48.4,47.0,48.0,1210821
TKYO.N0000,2024-11-11,48.1,48.1,47.3,47.6,121178
TKYO.N0000,2024-11-12,47.5,48.3,47.5,48.0,483092
TKYO.N0000,2024-11-13,48.2,48.3,47.6,48.0,75189
TKYO.N0000,2024-11-14,48.0,48.3,47.1,47.6,113433
TKYO.N0000,2024-11-18,47.6,48.2,47.6,47.9,124337
TKYO.N0000,2024-11-19,48.2,48.3,47.2,47.3,22441
TKYO.N0000,2024-11-20,47.1,47.6,47.0,47.5,383089
TKYO.N0000,2024-11-21,47.7,47.8,47.0,47.5,174431
TKYO.N0000,2024-11-22,47.0,48.0,47.0,47.0,175016
TKYO.N0000,2024-11-25,47.0,48.0,46.1,46.6,97885
TKYO.N0000,2024-11-26,46.5,47.0,46.5,46.7,78880
TKYO.N0000,2024-11-27,47.0,47.0,46.5,47.0,170823
TKYO.N0000,2024-11-28,47.0,48.0,47.0,47.6,309161
TKYO.N0000,2024-11-29,47.1,49.5,47.1,48.8,474662
TKYO.N0000,2024-12-02,49.0,49.7,48.7,49.0,438177
TKYO.N0000,2024-12-03,49.0,51.6,49.0,51.2,1378642
TKYO.N0000,2024-12-04,51.2,52.0,51.2,51.6,460476
TKYO.N0000,2024-12-05,51.9,53.0,51.3,52.2,798165
TKYO.N0000,2024-12-06,52.0,53.8,52.0,53.1,1075517
TKYO.N0000,2024-12-09,53.6,54.0,52.3,53.6,185048
TKYO.N0000,2024-12-10,52.9,54.6,52.5,53.9,459898
TKYO.N0000,2024-12-11,54.5,56.2,54.2,55.5,1442731
TKYO.N0000,2024-12-12,55.3,56.5,54.7,56.3,993781
TKYO.N0000,2024-12-13,56.4,57.0,55.0,56.4,1001027
TKYO.N0000,2024-12-16,56.0,57.9,56.0,57.1,691130
TKYO.N0000,2024-12-17,57.4,57.5,56.0,57.0,464824
TKYO.N0000,2024-12-18,57.0,57.9,56.0,57.1,566011
TKYO.N0000,2024-12-19,57.1,59.4,56.4,58.1,973582
TKYO.N0000,2024-12-20,58.1,61.2,58.1,59.9,3405890
TKYO.N0000,2024-12-23,59.2,60.3,59.0,60.1,536880
TKYO.N0000,2024-12-24,60.1,60.1,58.0,59.7,436963
TKYO.N0000,2024-12-26,59.7,61.3,59.7,60.6,811445
TKYO.N0000,2024-12-27,61.1,61.1,59.8,60.0,342828
TKYO.N0000,2024-12-30,60.2,60.2,58.7,59.0,272458
TKYO.N0000,2024-12-31,59.9,61.0,58.7,60.9,1070477
TKYO.N0000,2025-01-02,60.0,61.1,59.6,60.0,575835
TKYO.N0000,2025-01-03,60.1,61.0,58.1,60.1,1327350
TKYO.N0000,2025-01-06,59.0,59.8,58.0,59.0,849810
TKYO.N0000,2025-01-07,59.8,60.0,58.0,59.8,638885
TKYO.N0000,2025-01-08,60.5,61.9,59.9,60.5,548452
TKYO.N0000,2025-01-09,60.3,61.5,60.0,60.3,783235
TKYO.N0000,2025-01-10,60.6,61.0,59.4,60.6,228936
TKYO.N0000,2025-01-15,62.8,62.8,60.4,62.8,1208639
TKYO.N0000,2025-01-16,65.3,67.0,62.9,65.3,1598114
TKYO.N0000,2025-01-17,66.1,67.1,65.1,66.1,1003308
TKYO.N0000,2025-01-20,68.8,70.0,66.7,68.8,603302
TKYO.N0000,2025-01-21,68.6,70.0,68.3,68.6,473068
TKYO.N0000,2025-01-22,68.1,69.0,67.0,68.1,1499064
TKYO.N0000,2025-01-23,69.1,70.5,67.2,69.1,1419069
TKYO.N0000,2025-01-24,69.2,69.3,67.6,69.2,971528
TKYO.N0000,2025-01-27,70.6,71.5,69.4,70.6,667317
TKYO.N0000,2025-01-28,70.2,71.0,69.6,70.2,136005
TKYO.N0000,2025-01-29,69.9,70.4,69.1,69.9,168365
TKYO.N0000,2025-01-30,69.1,70.2,68.2,69.1,97297
TKYO.N0000,2025-01-31,70.0,70.1,68.0,70.0,408183
TKYO.N0000,2025-02-03,67.2,69.9,65.4,67.2,84902
TKYO.N0000,2025-02-05,64.6,67.7,63.4,64.6,183728
TKYO.N0000,2025-02-06,64.1,67.9,63.1,64.1,565241
TKYO.N0000,2025-02-07,67.0,67.9,64.0,67.0,83245
TKYO.N0000,2025-02-10,67.2,67.8,66.1,67.2,209736
TKYO.N0000,2025-02-11,65.3,67.2,64.3,65.3,232672
TKYO.N0000,2025-02-13,66.2,67.4,64.0,66.2,87591
TKYO.N0000,2025-02-14,68.5,68.8,67.4,68.5,548911
TKYO.N0000,2025-02-17,70.2,71.5,66.5,70.2,491967
TKYO.N0000,2025-02-18,70.3,71.8,70.1,70.3,174287
TKYO.N0000,2025-02-19,69.9,71.0,69.5,69.9,262487
TKYO.N0000,2025-02-20,69.7,70.0,68.0,69.7,350746
TKYO.N0000,2025-02-21,69.6,71.0,69.0,69.6,439561
TKYO.N0000,2025-02-24,68.0,70.0,68.0,68.0,28487
TKYO.N0000,2025-02-25,65.2,67.6,65.0,65.2,138531
TKYO.N0000,2025-02-27,66.9,67.9,64.5,66.9,137471
TKYO.N0000,2025-02-28,66.9,68.5,65.1,66.9,129979
TKYO.N0000,2025-03-03,65.5,66.5,64.8,65.5,81202
TKYO.N0000,2025-03-04,64.8,66.8,63.5,64.8,105429
TKYO.N0000,2025-03-05,66.4,66.5,64.0,66.4,35131
TKYO.N0000,2025-03-06,65.6,67.4,65.1,65.6,37650
TKYO.N0000,2025-03-07,66.5,66.5,65.0,66.5,10633
TKYO.N0000,2025-03-10,66.0,66.5,65.8,66.0,41664
TKYO.N0000,2025-03-11,64.8,66.0,64.8,64.8,54893
TKYO.N0000,2025-03-12,66.2,67.0,64.0,66.2,87455
TKYO.N0000,2025-03-14,64.3,66.9,64.0,64.3,130545
TKYO.N0000,2025-03-17,64.6,66.2,64.5,64.6,156426
TKYO.N0000,2025-03-18,63.1,64.6,63.0,63.1,109686
TKYO.N0000,2025-03-19,63.8,65.0,63.0,63.8,279373
TKYO.N0000,2025-03-20,64.5,65.0,64.0,64.5,22770
TKYO.N0000,2025-03-21,64.5,65.0,64.2,64.5,42276
TKYO.N0000,2025-03-24,65.0,65.0,64.5,65.0,29414
TKYO.N0000,2025-03-25,65.8,66.0,64.0,65.8,84338
TKYO.N0000,2025-03-26,65.9,66.0,64.6,65.9,2632
TKYO.N0000,2025-03-27,65.2,65.8,64.5,65.2,5413
TKYO.N0000,2025-03-28,64.7,65.9,64.5,64.7,22947
TKYO.N0000,2025-04-01,65.5,66.0,64.0,65.5,184895
TKYO.N0000,2025-04-02,66.0,69.0,65.2,66.0,17725
TKYO.N0000,2025-04-03,64.9,65.6,64.0,64.9,186329
TKYO.N0000,2025-04-04,62.5,64.6,62.0,62.5,395357
TKYO.N0000,2025-04-07,58.9,61.6,58.0,58.9,134054
TKYO.N0000,2025-04-08,61.9,62.4,58.1,61.9,53156
TKYO.N0000,2025-04-09,60.2,61.8,59.0,60.2,66353
TKYO.N0000,2025-04-10,63.9,64.0,62.5,63.9,72376
TKYO.N0000,2025-04-11,62.5,64.0,62.5,62.5,129852
TKYO.N0000,2025-04-16,63.4,64.0,62.3,63.4,2743
TKYO.N0000,2025-04-17,62.4,63.5,62.1,62.4,5806
TKYO.N0000,2025-04-21,63.0,63.4,62.9,63.0,17073
TKYO.N0000,2025-04-22,62.0,62.5,62.0,62.0,146409
TKYO.N0000,2025-04-23,61.5,63.3,61.0,61.5,390175
TKYO.N0000,2025-04-24,62.8,63.5,61.5,62.8,90543
TKYO.N0000,2025-04-25,63.2,64.9,63.0,63.2,5866
TKYO.N0000,2025-04-28,63.4,63.8,63.0,63.4,3790
TKYO.N0000,2025-04-29,63.4,63.5,63.0,63.4,6519
TKYO.N0000,2025-04-30,62.5,63.5,62.0,62.5,77897
TKYO.N0000,2025-05-02,62.7,63.4,62.4,62.7,236672
TKYO.N0000,2025-05-05,64.0,64.9,62.5,64.0,96886
TKYO.N0000,2025-05-06,65.5,65.8,64.8,65.5,57487
TKYO.N0000,2025-05-07,64.8,66.0,64.5,64.8,30149
TKYO.N0000,2025-05-08,66.1,66.7,64.5,66.1,62699
TKYO.N0000,2025-05-09,65.7,68.0,64.2,65.7,394433
TKYO.N0000,2025-05-14,65.7,66.0,64.5,65.7,454471
TKYO.N0000,2025-05-15,66.1,66.3,64.5,66.1,562830
TKYO.N0000,2025-05-16,66.1,66.8,65.5,66.1,176334
TKYO.N0000,2025-05-19,65.6,66.0,65.5,65.6,12593
TKYO.N0000,2025-05-20,65.0,66.5,64.5,65.0,362640
TKYO.N0000,2025-05-21,65.0,66.5,64.7,65.0,588567
TKYO.N0000,2025-05-22,63.3,66.0,63.2,63.3,985098
TKYO.N0000,2025-05-23,61.5,63.5,61.2,61.5,161119
TKYO.N0000,2025-05-26,59.8,62.0,59.0,59.8,264793
TKYO.N0000,2025-05-27,60.4,61.0,60.0,60.4,6854
TKYO.N0000,2025-05-28,62.0,62.0,61.0,62.0,388064
TKYO.N0000,2025-05-29,61.1,62.8,61.0,61.1,16643
TKYO.N0000,2025-05-30,60.8,61.0,60.5,60.8,46431
TKYO.N0000,2025-06-02,61.1,62.2,61.0,61.1,166777
TKYO.N0000,2025-06-03,62.9,64.0,61.0,62.9,1804874
TKYO.N0000,2025-06-04,66.6,67.0,63.5,66.6,895350
TKYO.N0000,2025-06-05,65.8,66.6,65.0,65.8,325393
TKYO.N0000,2025-06-06,64.8,66.5,64.5,64.8,131758
TKYO.N0000,2025-06-09,67.1,67.6,66.5,67.1,353492
TKYO.N0000,2025-06-11,67.0,67.6,66.0,67.0,57790
TKYO.N0000,2025-06-12,65.7,67.0,65.4,65.7,54419
TKYO.N0000,2025-06-13,65.0,65.9,65.0,65.0,81671
TKYO.N0000,2025-06-16,65.8,66.1,64.1,65.8,372756
TKYO.N0000,2025-06-17,64.7,66.1,64.0,64.7,123865
TKYO.N0000,2025-06-18,63.9,65.1,63.0,63.9,122798
TKYO.N0000,2025-06-19,62.2,63.9,62.0,62.2,15839
TKYO.N0000,2025-06-20,63.0,63.9,62.2,63.0,69758
TKYO.N0000,2025-06-23,60.5,62.8,60.5,60.5,74515
TKYO.N0000,2025-06-24,63.8,65.0,62.0,63.8,81297
TKYO.N0000,2025-06-25,64.0,65.0,63.4,64.0,883037
TKYO.N0000,2025-06-26,64.6,66.3,63.8,64.6,879554
TKYO.N0000,2025-06-27,64.8,65.0,64.1,64.8,9245
TKYO.N0000,2025-06-30,65.6,66.5,65.1,65.6,415434
TKYO.N0000,2025-07-01,65.3,66.0,65.2,65.3,193607
TKYO.N0000,2025-07-02,65.5,66.9,65.4,65.5,280442
TKYO.N0000,2025-07-03,66.3,67.9,66.0,66.3,99078
TKYO.N0000,2025-07-04,66.8,67.0,65.4,66.8,156929
TKYO.N0000,2025-07-07,66.4,66.8,66.0,66.4,77632
TKYO.N0000,2025-07-08,66.5,66.8,65.9,66.5,521711
TKYO.N0000,2025-07-09,70.0,70.5,66.8,70.0,2206018
TKYO.N0000,2025-07-11,71.1,72.0,70.4,71.1,1604960
TKYO.N0000,2025-07-14,73.0,74.4,71.0,73.0,5454234
TKYO.N0000,2025-07-15,73.2,73.6,72.0,73.2,470977
TKYO.N0000,2025-07-16,72.6,73.5,72.1,72.6,268900
TKYO.N0000,2025-07-17,71.0,72.6,70.0,71.0,635774
TKYO.N0000,2025-07-18,71.7,72.5,71.2,71.7,1274346
TKYO.N0000,2025-07-21,71.4,72.5,71.3,71.4,129886
TKYO.N0000,2025-07-22,70.9,72.0,70.2,70.9,110203
TKYO.N0000,2025-07-23,72.1,72.5,71.0,72.1,111286
TKYO.N0000,2025-07-24,72.0,72.5,71.8,72.0,203900
TKYO.N0000,2025-07-25,71.0,72.0,70.5,71.0,68353
TKYO.N0000,2025-07-28,70.6,72.0,70.5,70.6,231500
TKYO.N0000,2025-07-29,69.9,71.0,69.7,69.9,217382
TKYO.N0000,2025-07-30,69.9,70.0,69.7,69.9,667234
TKYO.N0000,2025-07-31,69.5,70.0,68.9,69.5,1024877
TKYO.N0000,2025-08-01,69.7,71.0,69.6,69.7,875460
TKYO.N0000,2025-08-04,71.0,71.3,70.0,71.0,705937
TKYO.N0000,2025-08-05,70.0,71.0,69.5,70.0,45541
TKYO.N0000,2025-08-06,70.2,70.9,69.8,70.2,126796
TKYO.N0000,2025-08-07,70.3,71.0,70.0,70.3,230731
TKYO.N0000,2025-08-11,68.5,69.8,68.5,68.5,153378
TKYO.N0000,2025-08-12,67.2,68.1,66.8,67.2,64071
TKYO.N0000,2025-08-13,66.1,67.0,65.9,66.1,54585
TKYO.N0000,2025-08-14,66.0,66.7,65.9,66.0,95812
TKYO.N0000,2025-08-15,67.4,68.0,65.8,67.4,256955
TKYO.N0000,2025-08-18,70.0,70.6,66.9,70.0,897383
TKYO.N0000,2025-08-19,71.1,71.4,70.2,71.1,442459
TKYO.N0000,2025-08-20,73.0,73.9,70.8,73.0,1116268
TKYO.N0000,2025-08-21,73.1,73.3,72.6,73.1,459431
TKYO.N0000,2025-08-22,73.6,74.5,72.6,73.6,1028405
TKYO.N0000,2025-08-25,74.5,74.7,72.3,74.5,587614
TKYO.N0000,2025-08-26,77.3,77.9,74.0,77.3,2504878
TKYO.N0000,2025-08-27,78.4,78.5,76.2,78.4,537439
TKYO.N0000,2025-08-28,79.0,79.4,76.5,79.0,1068728
TKYO.N0000,2025-08-29,78.2,79.2,77.0,78.2,1407829
TKYO.N0000,2025-09-01,78.1,79.2,76.1,78.1,902866
TKYO.N0000,2025-09-02,77.0,78.0,76.5,77.0,243675
TKYO.N0000,2025-09-03,75.8,76.6,75.6,75.8,129919
TKYO.N0000,2025-09-04,76.4,76.5,75.6,76.4,60973
TKYO.N0000,2025-09-08,75.1,76.0,74.0,75.1,85051
TKYO.N0000,2025-09-09,73.2,76.0,73.1,73.2,115696
TKYO.N0000,2025-09-10,75.0,75.5,71.1,75.0,106456
TKYO.N0000,2025-09-11,74.6,75.9,74.0,74.6,90837
TKYO.N0000,2025-09-12,73.2,74.0,73.0,73.2,56410
TKYO.N0000,2025-09-15,72.6,74.2,72.1,72.6,188988
TKYO.N0000,2025-09-16,73.1,75.0,72.1,73.1,951036
TKYO.N0000,2025-09-17,74.1,74.8,73.5,74.1,23730
TKYO.N0000,2025-09-18,74.2,74.9,73.9,74.2,48225
TKYO.N0000,2025-09-19,75.0,76.0,73.5,75.0,350696
TKYO.N0000,2025-09-22,77.0,77.5,76.0,77.0,98172
TKYO.N0000,2025-09-23,76.4,77.3,76.2,76.4,21961
TKYO.N0000,2025-09-24,75.7,76.5,75.6,75.7,17037
TKYO.N0000,2025-09-25,76.3,76.8,76.0,76.3,22384
TKYO.N0000,2025-09-26,75.5,76.3,75.5,75.5,26077
TKYO.N0000,2025-09-29,76.0,76.3,75.1,76.0,42189
TKYO.N0000,2025-09-30,75.0,75.7,75.0,75.0,149303
TKYO.N0000,2025-10-01,76.5,76.5,75.0,76.5,55065
TKYO.N0000,2025-10-02,80.2,80.7,76.7,80.2,1168398
TKYO.N0000,2025-10-03,80.0,80.7,79.0,80.0,210029
TKYO.N0000,2025-10-07,80.0,80.2,79.6,80.0,151522
TKYO.N0000,2025-10-08,80.1,80.7,78.1,80.1,184557
TKYO.N0000,2025-10-09,79.9,80.4,79.7,79.9,61997
TKYO.N0000,2025-10-10,78.1,79.9,78.0,78.1,223834
TKYO.N0000,2025-10-13,76.5,78.5,76.0,76.5,360500
TKYO.N0000,2025-10-14,77.1,77.4,76.5,77.1,6640
TKYO.N0000,2025-10-15,76.0,77.4,75.1,76.0,323026
TKYO.N0000,2025-10-16,76.5,77.4,76.4,76.5,56087
TKYO.N0000,2025-10-17,76.4,76.9,75.9,76.4,143042
TKYO.N0000,2025-10-21,75.8,76.9,75.5,75.8,141872
TKYO.N0000,2025-10-22,74.5,76.9,74.1,74.5,270981
TKYO.N0000,2025-10-23,73.9,76.0,73.8,73.9,95881
TKYO.N0000,2025-10-24,73.2,74.1,73.0,73.2,31729
TKYO.N0000,2025-10-27,73.3,74.2,73.1,73.3,23199
TKYO.N0000,2025-10-28,73.1,73.9,72.9,73.1,40080
TKYO.N0000,2025-10-29,73.5,73.7,73.0,73.5,10177
TKYO.N0000,2025-10-30,72.8,73.0,72.6,72.8,16809
TKYO.N0000,2025-10-31,71.9,72.8,71.3,71.9,231988
TKYO.N0000,2025-11-03,72.4,73.0,71.9,72.4,143439
TKYO.N0000,2025-11-04,72.5,73.5,72.1,72.5,34085
TKYO.N0000,2025-11-06,71.5,72.5,71.5,71.5,53647
TKYO.N0000,2025-11-07,72.1,72.3,70.0,72.1,197768
TKYO.N0000,2025-11-10,74.9,75.5,73.5,74.9,498208
TKYO.N0000,2025-11-11,75.4,76.4,74.9,75.4,96675
TKYO.N0000,2025-11-12,76.4,77.7,75.5,76.4,276410
TKYO.N0000,2025-11-13,75.9,77.5,75.5,75.9,9437144
TKYO.N0000,2025-11-14,75.9,77.3,75.3,75.9,840747
TKYO.N0000,2025-11-17,75.9,76.0,75.7,75.9,397939
TKYO.N0000,2025-11-18,75.2,76.0,75.0,75.2,109190
TKYO.N0000,2025-11-19,74.0,75.0,74.0,74.0,53019
TKYO.N0000,2025-11-20,75.1,76.0,75.0,75.1,106969
TKYO.N0000,2025-11-21,75.0,75.3,75.0,75.0,21096
TKYO.N0000,2025-11-24,74.1,75.0,74.0,74.1,107451
TKYO.N0000,2025-11-25,74.2,74.9,74.1,74.2,47262
TKYO.N0000,2025-11-26,73.9,75.0,73.0,73.9,1022486
TKYO.N0000,2025-11-27,73.5,74.0,72.5,73.5,14770
TKYO.N0000,2025-11-28,72.5,74.7,72.5,72.5,100934
TKYO.N0000,2025-12-01,76.5,78.0,72.3,76.5,1293820
TKYO.N0000,2025-12-02,79.0,80.0,77.9,79.0,2916690
TKYO.N0000,2025-12-03,78.5,79.8,78.2,78.5,1379665
TKYO.N0000,2025-12-05,77.2,79.5,76.0,77.2,457462
TKYO.N0000,2025-12-08,79.8,80.7,79.0,79.8,659601
TKYO.N0000,2025-12-09,82.1,83.5,79.9,82.1,3733798
TKYO.N0000,2025-12-10,85.9,86.4,83.5,85.9,3849718
TKYO.N0000,2025-12-11,85.8,87.4,85.5,85.8,1923872
TKYO.N0000,2025-12-12,87.2,88.9,85.8,87.2,2984865
TKYO.N0000,2025-12-15,85.9,87.7,85.0,85.9,386702
TKYO.N0000,2025-12-16,86.7,87.0,85.2,86.7,463430
TKYO.N0000,2025-12-17,89.2,89.5,86.7,89.2,1340147
TKYO.N0000,2025-12-18,90.5,91.0,89.2,90.5,3646636
TKYO.N0000,2025-12-19,92.8,94.0,90.0,92.8,2304004
TKYO.N0000,2025-12-22,92.0,93.5,91.6,92.0,751403
TKYO.N0000,2025-12-23,92.5,93.0,91.1,92.5,202212
TKYO.N0000,2025-12-24,92.7,93.4,91.5,92.7,668256
TKYO.N0000,2025-12-26,92.4,92.9,92.1,92.4,179556
TKYO.N0000,2025-12-29,92.6,92.9,92.1,92.6,780189
TKYO.N0000,2025-12-30,93.5,94.0,92.5,93.5,730029
TKYO.N0000,2025-12-31,94.8,95.0,92.7,94.8,604366
TKYO.N0000,2026-01-02,113.5,115.75,113.0,115.0,575417
TKYO.N0000,2026-01-05,115.0,115.0,114.0,115.0,1053567
TKYO.N0000,2026-01-06,115.0,115.0,114.25,114.25,497380
TKYO.N0000,2026-01-08,114.25,114.0,112.25,113.25,138110
TKYO.N0000,2026-01-09,113.25,114.25,113.0,114.0,124633
TKYO.N0000,2026-01-12,114.0,114.5,113.0,113.5,307004
TKYO.N0000,2026-01-13,113.5,114.5,112.5,113.5,148303
TKYO.N0000,2026-01-14,113.5,113.0,111.5,112.75,1157164
TKYO.N0000,2026-01-16,112.75,113.5,112.0,112.75,323787
TKYO.N0000,2026-01-19,112.75,112.75,110.75,112.0,719552
TKYO.N0000,2026-01-20,112.0,114.75,112.0,114.25,1355536
TKYO.N0000,2026-01-21,114.25,117.5,114.5,115.75,364123
TKYO.N0000,2026-01-22,115.75,116.0,115.0,115.75,44229
TKYO.N0000,2026-01-23,115.75,116.0,113.25,114.25,194033
TKYO.N0000,2026-01-26,114.25,114.25,113.0,113.25,89668
TKYO.N0000,2026-01-27,113.25,114.0,112.25,112.5,51422
TKYO.N0000,2026-01-28,112.5,113.0,110.75,112.0,762987
TKYO.N0000,2026-01-29,112.0,113.0,110.0,110.5,471294
TKYO.N0000,2026-01-30,110.5,111.25,110.0,110.0,184670
TKYO.N0000,2026-02-02,110.0,112.0,110.5,111.5,29714
TKYO.N0000,2026-02-03,111.5,112.0,110.5,111.0,658135
TKYO.N0000,2026-02-05,111.0,112.0,110.0,110.75,44306
TKYO.N0000,2026-02-06,110.75,111.0,109.75,110.75,42797
TKYO.N0000,2026-02-09,110.75,110.0,103.0,105.25,371915
TKYO.N0000,2026-02-10,105.25,105.75,103.5,105.25,2833573
TKYO.N0000,2026-02-11,105.25,108.75,104.25,107.0,80741
TKYO.N0000,2026-02-12,107.0,107.0,106.0,106.25,21658
TKYO.N0000,2026-02-13,106.25,107.0,104.0,104.5,19800505
TKYO.N0000,2026-02-16,104.5,108.75,106.0,107.25,358504
TKYO.N0000,2026-02-17,107.25,109.0,105.0,107.0,134976
TKYO.N0000,2026-02-18,107.0,108.0,105.75,108.0,31493
TKYO.N0000,2026-02-19,108.0,109.25,107.25,107.75,43709
TKYO.N0000,2026-02-20,107.75,107.75,106.0,106.0,44181
TKYO.N0000,2026-02-23,106.0,110.5,106.5,107.0,37638
TKYO.N0000,2026-02-24,107.0,109.5,106.0,106.75,61998
TKYO.N0000,2026-02-25,106.75,107.25,106.0,107.0,73474
TKYO.N0000,2026-02-26,107.0,108.0,106.75,107.0,80200
TKYO.N0000,2026-02-27,107.0,108.0,106.0,106.75,46456
TKYO.N0000,2026-03-03,106.75,105.75,99.5,101.0,162972
TKYO.N0000,2026-03-04,101.0,104.0,100.25,102.25,507111
TKYO.N0000,2026-03-05,102.25,103.5,102.0,103.0,66410
TKYO.N0000,2026-03-06,103.0,104.0,100.0,103.0,81156
TKYO.N0000,2026-03-09,103.0,102.5,96.0,98.9,93087
TKYO.N0000,2026-03-10,98.9,103.5,98.0,101.75,43705
TKYO.N0000,2026-03-11,101.75,102.0,101.0,101.25,5545
TKYO.N0000,2026-03-12,101.25,101.0,99.5,99.6,1300289
TKYO.N0000,2026-03-13,99.6,100.0,94.5,94.9,120236
TKYO.N0000,2026-03-16,94.9,93.0,86.0,90.7,177365
TKYO.N0000,2026-03-17,90.7,95.5,88.0,89.3,1461295
TKYO.N0000,2026-03-18,89.3,93.0,87.5,90.6,135506
TKYO.N0000,2026-03-19,90.6,90.0,87.5,87.6,86201
TKYO.N0000,2026-03-20,87.6,94.9,87.6,89.8,52040
TKYO.N0000,2026-03-23,89.8,90.0,88.5,89.7,49891
TKYO.N0000,2026-03-24,89.7,97.5,89.9,93.5,42968
TKYO.N0000,2026-03-25,93.5,99.0,95.7,96.0,77863
TKYO.N0000,2026-03-26,96.0,96.0,92.8,93.0,38850
TKYO.N0000,2026-03-27,93.0,93.0,92.0,92.3,18673
TKYO.N0000,2026-03-30,92.3,92.8,90.0,91.4,27168
TKYO.N0000,2026-03-31,91.4,94.9,88.9,88.9,3055872
TKYO.N0000,2026-04-02,88.9,94.9,88.9,88.9,2300776
TKYO.N0000,2026-04-06,88.9,95.0,88.5,90.2,1846106
TKYO.N0000,2026-04-07,90.2,93.4,89.9,91.4,54668
TKYO.N0000,2026-04-08,91.4,98.0,93.1,96.9,112257
TKYO.N0000,2026-04-09,96.9,96.5,96.0,96.2,56437
TKYO.N0000,2026-04-10,96.2,98.0,96.3,96.8,71687
TKYO.N0000,2026-04-15,96.8,98.8,96.6,98.0,12659
TKYO.N0000,2026-04-16,98.0,99.8,98.0,98.9,35469
TKYO.N0000,2026-04-17,98.9,99.4,98.0,99.2,116774
TKYO.N0000,2026-04-20,99.2,99.8,98.0,98.7,39030
TKYO.N0000,2026-04-21,98.7,99.9,98.0,98.1,20615
TKYO.N0000,2026-04-22,98.1,98.6,97.5,98.3,25176
TKYO.N0000,2026-04-23,98.3,98.3,97.8,97.9,7024
TKYO.N0000,2026-04-24,97.9,99.0,97.8,97.8,21653
TKYO.N0000,2026-04-27,97.8,99.0,97.7,98.0,7062
TKYO.N0000,2026-04-28,98.0,99.0,97.7,97.7,21062
TKYO.N0000,2026-04-29,97.7,99.0,95.0,95.5,43734
TKYO.N0000,2026-04-30,95.5,97.9,94.0,94.5,37439
TKYO.N0000,2026-05-04,94.5,98.0,94.5,97.1,30554
TKYO.N0000,2026-05-05,97.1,97.0,96.1,96.9,42397
TKYO.N0000,2026-05-06,96.9,97.5,96.5,96.8,22857
TKYO.N0000,2026-05-07,96.8,98.8,96.0,97.0,146346
TKYO.N0000,2026-05-08,97.0,97.0,94.0,94.8,310799
TKYO.N0000,2026-05-11,94.8,96.0,94.9,95.0,45896
TKYO.N0000,2026-05-12,95.0,96.3,94.7,94.8,136914
TKYO.N0000,2026-05-13,94.8,96.0,94.8,94.9,70247
TKYO.N0000,2026-05-14,94.9,96.0,94.7,94.8,90305
TKYO.N0000,2026-05-15,94.8,96.0,94.9,95.0,36731
TKYO.N0000,2026-05-18,95.0,95.5,92.0,93.2,158192
TKYO.N0000,2026-05-19,93.2,95.5,92.5,92.5,73298
TKYO.N0000,2026-05-20,92.5,94.0,89.5,90.0,89941
TKYO.N0000,2026-05-21,90.0,92.4,89.6,90.0,20036
TKYO.N0000,2026-05-22,90.0,92.0,89.9,90.0,31144
TKYO.N0000,2026-05-25,90.0,94.0,90.0,90.2,54023
TKYO.N0000,2026-05-26,90.2,94.0,90.0,90.0,43308
TKYO.N0000,2026-05-27,90.0,93.9,89.8,90.2,31679
TKYO.N0000,2026-05-29,90.2,92.0,88.1,88.9,90972
TKYO.N0000,2026-06-01,88.9,91.1,89.0,90.2,6739
TKYO.N0000,2026-06-02,90.2,91.9,89.9,90.0,5662
TKYO.N0000,2026-06-03,90.0,91.9,88.9,89.0,136312
TKYO.N0000,2026-06-04,89.0,89.5,88.0,88.3,50834
TKYO.N0000,2026-06-05,88.3,89.0,87.8,87.9,222179
TKYO.N0000,2026-06-08,87.9,88.0,85.4,86.0,29928
TKYO.N0000,2026-06-09,86.0,87.8,85.5,85.5,201732
TKYO.N0000,2026-06-10,85.5,86.0,84.9,85.0,92760
TKYO.N0000,2026-06-11,85.0,84.8,81.0,83.6,21620
TKYO.N0000,2026-06-12,83.6,85.0,84.1,84.4,22343
TKYO.N0000,2026-06-15,84.4,90.0,85.0,87.7,157412
TKYO.N0000,2026-06-16,87.7,89.9,88.8,89.1,29110
TKYO.N0000,2026-06-17,89.1,89.9,88.0,88.5,13842
TKYO.N0000,2026-06-18,88.5,89.5,88.2,88.9,29088
TKYO.N0000,2026-06-19,88.9,89.3,87.4,87.8,30081
TKYO.N0000,2026-06-22,87.8,89.8,86.9,87.4,10971
TKYO.N0000,2026-06-23,87.4,89.9,88.0,88.0,10219
TKYO.N0000,2026-06-24,88.0,89.5,87.9,88.0,10177
TKYO.N0000,2026-06-25,88.0,89.1,87.7,88.0,281627
TKYO.N0000,2026-06-26,88.0,89.1,87.6,88.5,49322
TKYO.N0000,2026-06-30,88.5,89.5,88.5,89.0,58470
TKYO.N0000,2026-07-01,89.0,89.7,89.5,89.6,9441
TKYO.N0000,2026-07-02,89.6,90.0,89.5,89.5,9348
TKYO.N0000,2026-07-03,89.5,89.7,89.2,89.3,3636
TKYO.N0000,2026-07-06,89.3,89.6,88.8,89.0,8413
TKYO.N0000,2026-07-07,89.0,88.9,87.2,87.8,14106
TKYO.N0000,2026-07-08,87.8,87.8,86.5,87.0,7560
TKYO.N0000,2026-07-09,87.0,86.8,85.5,85.6,68480
TKYO.N0000,2026-07-10,85.6,86.8,85.7,86.1,45252
TKYO.N0000,2026-07-13,86.1,86.1,84.0,84.0,184869
TKYO.N0000,2026-07-14,84.0,87.0,83.9,84.0,18899
TKYO.N0000,2026-07-15,84.0,84.4,83.2,83.4,33645
TKYO.N0000,2026-07-16,83.4,83.4,83.0,83.0,130870
TKYO.N0000,2026-07-17,83.0,83.0,81.7,83.0,62678
TKYO.N0000,2026-07-20,83.0,83.0,81.8,82.5,9116
